Agentura,Datum,Hodnota,Průměr,Strana,size
volby+STEM,2021-10-09,0.271,ANO,ANO,1
Kantar,2021-10-09,0.271,ANO,ANO,1
Median,2021-10-09,0.271,ANO,ANO,1
STEM,2021-10-09,0.271,ANO,ANO,1
volby+STEM,2021-10-09,0.069,KDU-ČSL,KDU-ČSL,1
Kantar,2021-10-09,0.069,KDU-ČSL,KDU-ČSL,1
Median,2021-10-09,0.069,KDU-ČSL,KDU-ČSL,1
STEM,2021-10-09,0.069,KDU-ČSL,KDU-ČSL,1
volby+STEM,2021-10-09,0.036000000000000004,KSČM,KSČM,1
Kantar,2021-10-09,0.036000000000000004,KSČM,KSČM,1
Median,2021-10-09,0.036000000000000004,KSČM,KSČM,1
STEM,2021-10-09,0.036000000000000004,KSČM,KSČM,1
volby+STEM,2021-10-09,0.136,ODS,ODS,1
Kantar,2021-10-09,0.136,ODS,ODS,1
Median,2021-10-09,0.136,ODS,ODS,1
STEM,2021-10-09,0.136,ODS,ODS,1
volby+STEM,2021-10-09,0.095,Piráti,Piráti,1
Kantar,2021-10-09,0.095,Piráti,Piráti,1
Median,2021-10-09,0.095,Piráti,Piráti,1
STEM,2021-10-09,0.095,Piráti,Piráti,1
volby+STEM,2021-10-09,0.047,Přísaha,Přísaha,1
Kantar,2021-10-09,0.047,Přísaha,Přísaha,1
Median,2021-10-09,0.047,Přísaha,Přísaha,1
STEM,2021-10-09,0.047,Přísaha,Přísaha,1
volby+STEM,2021-10-09,0.096,SPD,SPD,1
Kantar,2021-10-09,0.096,SPD,SPD,1
Median,2021-10-09,0.096,SPD,SPD,1
STEM,2021-10-09,0.096,SPD,SPD,1
volby+STEM,2021-10-09,0.061,STAN,STAN,1
Kantar,2021-10-09,0.061,STAN,STAN,1
Median,2021-10-09,0.061,STAN,STAN,1
STEM,2021-10-09,0.061,STAN,STAN,1
volby+STEM,2021-10-09,0.07200000000000001,TOP 09,TOP 09,1
Kantar,2021-10-09,0.07200000000000001,TOP 09,TOP 09,1
Median,2021-10-09,0.07200000000000001,TOP 09,TOP 09,1
STEM,2021-10-09,0.07200000000000001,TOP 09,TOP 09,1
volby+STEM,2021-10-09,0.047,ČSSD,ČSSD,1
Kantar,2021-10-09,0.047,ČSSD,ČSSD,1
Median,2021-10-09,0.047,ČSSD,ČSSD,1
STEM,2021-10-09,0.047,ČSSD,ČSSD,1
volby+STEM,2021-11-10,0.26993164555712595,ANO,ANO,1
Kantar,2021-11-10,0.26993164555712595,ANO,ANO,1
Median,2021-11-10,0.26993164555712595,ANO,ANO,1
STEM,2021-11-10,0.26993164555712595,ANO,ANO,1
volby+STEM,2021-11-10,0.0439150396550107,KDU-ČSL,KDU-ČSL,1
Kantar,2021-11-10,0.0439150396550107,KDU-ČSL,KDU-ČSL,1
Median,2021-11-10,0.0439150396550107,KDU-ČSL,KDU-ČSL,1
STEM,2021-11-10,0.0439150396550107,KDU-ČSL,KDU-ČSL,1
volby+STEM,2021-11-10,0.03475803577123845,KSČM,KSČM,1
Kantar,2021-11-10,0.03475803577123845,KSČM,KSČM,1
Median,2021-11-10,0.03475803577123845,KSČM,KSČM,1
STEM,2021-11-10,0.03475803577123845,KSČM,KSČM,1
volby+STEM,2021-11-10,0.15257192666413283,ODS,ODS,1
Kantar,2021-11-10,0.15257192666413283,ODS,ODS,1
Median,2021-11-10,0.15257192666413283,ODS,ODS,1
STEM,2021-11-10,0.15257192666413283,ODS,ODS,1
volby+STEM,2021-11-10,0.08349082588952868,Piráti,Piráti,1
Kantar,2021-11-10,0.08349082588952868,Piráti,Piráti,1
Median,2021-11-10,0.08349082588952868,Piráti,Piráti,1
STEM,2021-11-10,0.08349082588952868,Piráti,Piráti,1
volby+STEM,2021-11-10,0.030637108111789355,Přísaha,Přísaha,1
Kantar,2021-11-10,0.030637108111789355,Přísaha,Přísaha,1
Median,2021-11-10,0.030637108111789355,Přísaha,Přísaha,1
STEM,2021-11-10,0.030637108111789355,Přísaha,Přísaha,1
volby+STEM,2021-11-10,0.09580738051478496,SPD,SPD,1
Kantar,2021-11-10,0.09580738051478496,SPD,SPD,1
Median,2021-11-10,0.09580738051478496,SPD,SPD,1
STEM,2021-11-10,0.09580738051478496,SPD,SPD,1
volby+STEM,2021-11-10,0.11198115901768375,STAN,STAN,1
Kantar,2021-11-10,0.11198115901768375,STAN,STAN,1
Median,2021-11-10,0.11198115901768375,STAN,STAN,1
STEM,2021-11-10,0.11198115901768375,STAN,STAN,1
volby+STEM,2021-11-10,0.06998495379402536,TOP 09,TOP 09,1
Kantar,2021-11-10,0.06998495379402536,TOP 09,TOP 09,1
Median,2021-11-10,0.06998495379402536,TOP 09,TOP 09,1
STEM,2021-11-10,0.06998495379402536,TOP 09,TOP 09,1
volby+STEM,2021-11-10,0.04136570803768957,ČSSD,ČSSD,1
Kantar,2021-11-10,0.04136570803768957,ČSSD,ČSSD,1
Median,2021-11-10,0.04136570803768957,ČSSD,ČSSD,1
STEM,2021-11-10,0.04136570803768957,ČSSD,ČSSD,1
volby+STEM,2022-02-23,0.2617367910128487,ANO,ANO,1
Kantar,2022-02-23,0.2617367910128487,ANO,ANO,1
Median,2022-02-23,0.2617367910128487,ANO,ANO,1
STEM,2022-02-23,0.2617367910128487,ANO,ANO,1
volby+STEM,2022-02-23,0.04921414899170738,KDU-ČSL,KDU-ČSL,1
Kantar,2022-02-23,0.04921414899170738,KDU-ČSL,KDU-ČSL,1
Median,2022-02-23,0.04921414899170738,KDU-ČSL,KDU-ČSL,1
STEM,2022-02-23,0.04921414899170738,KDU-ČSL,KDU-ČSL,1
volby+STEM,2022-02-23,0.022177415994446687,KSČM,KSČM,1
Kantar,2022-02-23,0.022177415994446687,KSČM,KSČM,1
Median,2022-02-23,0.022177415994446687,KSČM,KSČM,1
STEM,2022-02-23,0.022177415994446687,KSČM,KSČM,1
volby+STEM,2022-02-23,0.2141267981162549,ODS,ODS,1
Kantar,2022-02-23,0.2141267981162549,ODS,ODS,1
Median,2022-02-23,0.2141267981162549,ODS,ODS,1
STEM,2022-02-23,0.2141267981162549,ODS,ODS,1
volby+STEM,2022-02-23,0.07465570620077273,Piráti,Piráti,1
Kantar,2022-02-23,0.07465570620077273,Piráti,Piráti,1
Median,2022-02-23,0.07465570620077273,Piráti,Piráti,1
STEM,2022-02-23,0.07465570620077273,Piráti,Piráti,1
volby+STEM,2022-02-23,0.03074530411946317,Přísaha,Přísaha,1
Kantar,2022-02-23,0.03074530411946317,Přísaha,Přísaha,1
Median,2022-02-23,0.03074530411946317,Přísaha,Přísaha,1
STEM,2022-02-23,0.03074530411946317,Přísaha,Přísaha,1
volby+STEM,2022-02-23,0.10973551811960694,SPD,SPD,1
Kantar,2022-02-23,0.10973551811960694,SPD,SPD,1
Median,2022-02-23,0.10973551811960694,SPD,SPD,1
STEM,2022-02-23,0.10973551811960694,SPD,SPD,1
volby+STEM,2022-02-23,0.10308247601664446,STAN,STAN,1
Kantar,2022-02-23,0.10308247601664446,STAN,STAN,1
Median,2022-02-23,0.10308247601664446,STAN,STAN,1
STEM,2022-02-23,0.10308247601664446,STAN,STAN,1
volby+STEM,2022-02-23,0.05666871172414201,TOP 09,TOP 09,1
Kantar,2022-02-23,0.05666871172414201,TOP 09,TOP 09,1
Median,2022-02-23,0.05666871172414201,TOP 09,TOP 09,1
STEM,2022-02-23,0.05666871172414201,TOP 09,TOP 09,1
volby+STEM,2022-02-23,0.03059000212143846,ČSSD,ČSSD,1
Kantar,2022-02-23,0.03059000212143846,ČSSD,ČSSD,1
Median,2022-02-23,0.03059000212143846,ČSSD,ČSSD,1
STEM,2022-02-23,0.03059000212143846,ČSSD,ČSSD,1
volby+STEM,2022-03-23,0.2726703635482034,ANO,ANO,1
Kantar,2022-03-23,0.2726703635482034,ANO,ANO,1
Median,2022-03-23,0.2726703635482034,ANO,ANO,1
STEM,2022-03-23,0.2726703635482034,ANO,ANO,1
volby+STEM,2022-03-23,0.04387526328947958,KDU-ČSL,KDU-ČSL,1
Kantar,2022-03-23,0.04387526328947958,KDU-ČSL,KDU-ČSL,1
Median,2022-03-23,0.04387526328947958,KDU-ČSL,KDU-ČSL,1
STEM,2022-03-23,0.04387526328947958,KDU-ČSL,KDU-ČSL,1
volby+STEM,2022-03-23,0.023757851724702947,KSČM,KSČM,1
Kantar,2022-03-23,0.023757851724702947,KSČM,KSČM,1
Median,2022-03-23,0.023757851724702947,KSČM,KSČM,1
STEM,2022-03-23,0.023757851724702947,KSČM,KSČM,1
volby+STEM,2022-03-23,0.22058098608663884,ODS,ODS,1
Kantar,2022-03-23,0.22058098608663884,ODS,ODS,1
Median,2022-03-23,0.22058098608663884,ODS,ODS,1
STEM,2022-03-23,0.22058098608663884,ODS,ODS,1
volby+STEM,2022-03-23,0.07396739625586887,Piráti,Piráti,1
Kantar,2022-03-23,0.07396739625586887,Piráti,Piráti,1
Median,2022-03-23,0.07396739625586887,Piráti,Piráti,1
STEM,2022-03-23,0.07396739625586887,Piráti,Piráti,1
volby+STEM,2022-03-23,0.0314650615859834,Přísaha,Přísaha,1
Kantar,2022-03-23,0.0314650615859834,Přísaha,Přísaha,1
Median,2022-03-23,0.0314650615859834,Přísaha,Přísaha,1
STEM,2022-03-23,0.0314650615859834,Přísaha,Přísaha,1
volby+STEM,2022-03-23,0.105246559803618,SPD,SPD,1
Kantar,2022-03-23,0.105246559803618,SPD,SPD,1
Median,2022-03-23,0.105246559803618,SPD,SPD,1
STEM,2022-03-23,0.105246559803618,SPD,SPD,1
volby+STEM,2022-03-23,0.09608231956744759,STAN,STAN,1
Kantar,2022-03-23,0.09608231956744759,STAN,STAN,1
Median,2022-03-23,0.09608231956744759,STAN,STAN,1
STEM,2022-03-23,0.09608231956744759,STAN,STAN,1
volby+STEM,2022-03-23,0.048132641990649004,TOP 09,TOP 09,1
Kantar,2022-03-23,0.048132641990649004,TOP 09,TOP 09,1
Median,2022-03-23,0.048132641990649004,TOP 09,TOP 09,1
STEM,2022-03-23,0.048132641990649004,TOP 09,TOP 09,1
volby+STEM,2022-03-23,0.03071987199948127,ČSSD,ČSSD,1
Kantar,2022-03-23,0.03071987199948127,ČSSD,ČSSD,1
Median,2022-03-23,0.03071987199948127,ČSSD,ČSSD,1
STEM,2022-03-23,0.03071987199948127,ČSSD,ČSSD,1
volby+STEM,2022-04-18,0.2777223329637143,ANO,ANO,1
Kantar,2022-04-18,0.2777223329637143,ANO,ANO,1
Median,2022-04-18,0.2777223329637143,ANO,ANO,1
STEM,2022-04-18,0.2777223329637143,ANO,ANO,1
volby+STEM,2022-04-18,0.0434964135208533,KDU-ČSL,KDU-ČSL,1
Kantar,2022-04-18,0.0434964135208533,KDU-ČSL,KDU-ČSL,1
Median,2022-04-18,0.0434964135208533,KDU-ČSL,KDU-ČSL,1
STEM,2022-04-18,0.0434964135208533,KDU-ČSL,KDU-ČSL,1
volby+STEM,2022-04-18,0.0237975596815103,KSČM,KSČM,1
Kantar,2022-04-18,0.0237975596815103,KSČM,KSČM,1
Median,2022-04-18,0.0237975596815103,KSČM,KSČM,1
STEM,2022-04-18,0.0237975596815103,KSČM,KSČM,1
volby+STEM,2022-04-18,0.22124170225999856,ODS,ODS,1
Kantar,2022-04-18,0.22124170225999856,ODS,ODS,1
Median,2022-04-18,0.22124170225999856,ODS,ODS,1
STEM,2022-04-18,0.22124170225999856,ODS,ODS,1
volby+STEM,2022-04-18,0.07274993341832112,Piráti,Piráti,1
Kantar,2022-04-18,0.07274993341832112,Piráti,Piráti,1
Median,2022-04-18,0.07274993341832112,Piráti,Piráti,1
STEM,2022-04-18,0.07274993341832112,Piráti,Piráti,1
volby+STEM,2022-04-18,0.029218508512186117,Přísaha,Přísaha,1
Kantar,2022-04-18,0.029218508512186117,Přísaha,Přísaha,1
Median,2022-04-18,0.029218508512186117,Přísaha,Přísaha,1
STEM,2022-04-18,0.029218508512186117,Přísaha,Přísaha,1
volby+STEM,2022-04-18,0.11025792666841322,SPD,SPD,1
Kantar,2022-04-18,0.11025792666841322,SPD,SPD,1
Median,2022-04-18,0.11025792666841322,SPD,SPD,1
STEM,2022-04-18,0.11025792666841322,SPD,SPD,1
volby+STEM,2022-04-18,0.08872222454343363,STAN,STAN,1
Kantar,2022-04-18,0.08872222454343363,STAN,STAN,1
Median,2022-04-18,0.08872222454343363,STAN,STAN,1
STEM,2022-04-18,0.08872222454343363,STAN,STAN,1
volby+STEM,2022-04-18,0.04137703951322493,TOP 09,TOP 09,1
Kantar,2022-04-18,0.04137703951322493,TOP 09,TOP 09,1
Median,2022-04-18,0.04137703951322493,TOP 09,TOP 09,1
STEM,2022-04-18,0.04137703951322493,TOP 09,TOP 09,1
volby+STEM,2022-04-18,0.03516352201299208,ČSSD,ČSSD,1
Kantar,2022-04-18,0.03516352201299208,ČSSD,ČSSD,1
Median,2022-04-18,0.03516352201299208,ČSSD,ČSSD,1
STEM,2022-04-18,0.03516352201299208,ČSSD,ČSSD,1
volby+STEM,2022-05-17,0.2837502157116122,ANO,ANO,1
Kantar,2022-05-17,0.2837502157116122,ANO,ANO,1
Median,2022-05-17,0.2837502157116122,ANO,ANO,1
STEM,2022-05-17,0.2837502157116122,ANO,ANO,1
volby+STEM,2022-05-17,0.042122783823535355,KDU-ČSL,KDU-ČSL,1
Kantar,2022-05-17,0.042122783823535355,KDU-ČSL,KDU-ČSL,1
Median,2022-05-17,0.042122783823535355,KDU-ČSL,KDU-ČSL,1
STEM,2022-05-17,0.042122783823535355,KDU-ČSL,KDU-ČSL,1
volby+STEM,2022-05-17,0.026523093529507998,KSČM,KSČM,1
Kantar,2022-05-17,0.026523093529507998,KSČM,KSČM,1
Median,2022-05-17,0.026523093529507998,KSČM,KSČM,1
STEM,2022-05-17,0.026523093529507998,KSČM,KSČM,1
volby+STEM,2022-05-17,0.19428912041594024,ODS,ODS,1
Kantar,2022-05-17,0.19428912041594024,ODS,ODS,1
Median,2022-05-17,0.19428912041594024,ODS,ODS,1
STEM,2022-05-17,0.19428912041594024,ODS,ODS,1
volby+STEM,2022-05-17,0.08789743564010151,Piráti,Piráti,1
Kantar,2022-05-17,0.08789743564010151,Piráti,Piráti,1
Median,2022-05-17,0.08789743564010151,Piráti,Piráti,1
STEM,2022-05-17,0.08789743564010151,Piráti,Piráti,1
volby+STEM,2022-05-17,0.026842306320670827,Přísaha,Přísaha,1
Kantar,2022-05-17,0.026842306320670827,Přísaha,Přísaha,1
Median,2022-05-17,0.026842306320670827,Přísaha,Přísaha,1
STEM,2022-05-17,0.026842306320670827,Přísaha,Přísaha,1
volby+STEM,2022-05-17,0.11450505806646598,SPD,SPD,1
Kantar,2022-05-17,0.11450505806646598,SPD,SPD,1
Median,2022-05-17,0.11450505806646598,SPD,SPD,1
STEM,2022-05-17,0.11450505806646598,SPD,SPD,1
volby+STEM,2022-05-17,0.07475471065279003,STAN,STAN,1
Kantar,2022-05-17,0.07475471065279003,STAN,STAN,1
Median,2022-05-17,0.07475471065279003,STAN,STAN,1
STEM,2022-05-17,0.07475471065279003,STAN,STAN,1
volby+STEM,2022-05-17,0.043967167437729854,TOP 09,TOP 09,1
Kantar,2022-05-17,0.043967167437729854,TOP 09,TOP 09,1
Median,2022-05-17,0.043967167437729854,TOP 09,TOP 09,1
STEM,2022-05-17,0.043967167437729854,TOP 09,TOP 09,1
volby+STEM,2022-05-17,0.04597554976655026,ČSSD,ČSSD,1
Kantar,2022-05-17,0.04597554976655026,ČSSD,ČSSD,1
Median,2022-05-17,0.04597554976655026,ČSSD,ČSSD,1
STEM,2022-05-17,0.04597554976655026,ČSSD,ČSSD,1
volby+STEM,2022-05-24,0.2845670247951189,ANO,ANO,1
Kantar,2022-05-24,0.2845670247951189,ANO,ANO,1
Median,2022-05-24,0.2845670247951189,ANO,ANO,1
STEM,2022-05-24,0.2845670247951189,ANO,ANO,1
volby+STEM,2022-05-24,0.041478199865564426,KDU-ČSL,KDU-ČSL,1
Kantar,2022-05-24,0.041478199865564426,KDU-ČSL,KDU-ČSL,1
Median,2022-05-24,0.041478199865564426,KDU-ČSL,KDU-ČSL,1
STEM,2022-05-24,0.041478199865564426,KDU-ČSL,KDU-ČSL,1
volby+STEM,2022-05-24,0.026470243698425704,KSČM,KSČM,1
Kantar,2022-05-24,0.026470243698425704,KSČM,KSČM,1
Median,2022-05-24,0.026470243698425704,KSČM,KSČM,1
STEM,2022-05-24,0.026470243698425704,KSČM,KSČM,1
volby+STEM,2022-05-24,0.19407322618992157,ODS,ODS,1
Kantar,2022-05-24,0.19407322618992157,ODS,ODS,1
Median,2022-05-24,0.19407322618992157,ODS,ODS,1
STEM,2022-05-24,0.19407322618992157,ODS,ODS,1
volby+STEM,2022-05-24,0.09010049991021538,Piráti,Piráti,1
Kantar,2022-05-24,0.09010049991021538,Piráti,Piráti,1
Median,2022-05-24,0.09010049991021538,Piráti,Piráti,1
STEM,2022-05-24,0.09010049991021538,Piráti,Piráti,1
volby+STEM,2022-05-24,0.025991065178178785,Přísaha,Přísaha,1
Kantar,2022-05-24,0.025991065178178785,Přísaha,Přísaha,1
Median,2022-05-24,0.025991065178178785,Přísaha,Přísaha,1
STEM,2022-05-24,0.025991065178178785,Přísaha,Přísaha,1
volby+STEM,2022-05-24,0.11513647771826264,SPD,SPD,1
Kantar,2022-05-24,0.11513647771826264,SPD,SPD,1
Median,2022-05-24,0.11513647771826264,SPD,SPD,1
STEM,2022-05-24,0.11513647771826264,SPD,SPD,1
volby+STEM,2022-05-24,0.07095673832776939,STAN,STAN,1
Kantar,2022-05-24,0.07095673832776939,STAN,STAN,1
Median,2022-05-24,0.07095673832776939,STAN,STAN,1
STEM,2022-05-24,0.07095673832776939,STAN,STAN,1
volby+STEM,2022-05-24,0.0442462570678179,TOP 09,TOP 09,1
Kantar,2022-05-24,0.0442462570678179,TOP 09,TOP 09,1
Median,2022-05-24,0.0442462570678179,TOP 09,TOP 09,1
STEM,2022-05-24,0.0442462570678179,TOP 09,TOP 09,1
volby+STEM,2022-05-24,0.0464572268996514,ČSSD,ČSSD,1
Kantar,2022-05-24,0.0464572268996514,ČSSD,ČSSD,1
Median,2022-05-24,0.0464572268996514,ČSSD,ČSSD,1
STEM,2022-05-24,0.0464572268996514,ČSSD,ČSSD,1
volby+STEM,2022-06-11,0.28880321513242446,ANO,ANO,1
Kantar,2022-06-11,0.28880321513242446,ANO,ANO,1
Median,2022-06-11,0.28880321513242446,ANO,ANO,1
STEM,2022-06-11,0.28880321513242446,ANO,ANO,1
volby+STEM,2022-06-11,0.04237788962499006,KDU-ČSL,KDU-ČSL,1
Kantar,2022-06-11,0.04237788962499006,KDU-ČSL,KDU-ČSL,1
Median,2022-06-11,0.04237788962499006,KDU-ČSL,KDU-ČSL,1
STEM,2022-06-11,0.04237788962499006,KDU-ČSL,KDU-ČSL,1
volby+STEM,2022-06-11,0.026939185240890152,KSČM,KSČM,1
Kantar,2022-06-11,0.026939185240890152,KSČM,KSČM,1
Median,2022-06-11,0.026939185240890152,KSČM,KSČM,1
STEM,2022-06-11,0.026939185240890152,KSČM,KSČM,1
volby+STEM,2022-06-11,0.1804473419922116,ODS,ODS,1
Kantar,2022-06-11,0.1804473419922116,ODS,ODS,1
Median,2022-06-11,0.1804473419922116,ODS,ODS,1
STEM,2022-06-11,0.1804473419922116,ODS,ODS,1
volby+STEM,2022-06-11,0.09848901703932132,Piráti,Piráti,1
Kantar,2022-06-11,0.09848901703932132,Piráti,Piráti,1
Median,2022-06-11,0.09848901703932132,Piráti,Piráti,1
STEM,2022-06-11,0.09848901703932132,Piráti,Piráti,1
volby+STEM,2022-06-11,0.026100220097071254,Přísaha,Přísaha,1
Kantar,2022-06-11,0.026100220097071254,Přísaha,Přísaha,1
Median,2022-06-11,0.026100220097071254,Přísaha,Přísaha,1
STEM,2022-06-11,0.026100220097071254,Přísaha,Přísaha,1
volby+STEM,2022-06-11,0.11908701180673267,SPD,SPD,1
Kantar,2022-06-11,0.11908701180673267,SPD,SPD,1
Median,2022-06-11,0.11908701180673267,SPD,SPD,1
STEM,2022-06-11,0.11908701180673267,SPD,SPD,1
volby+STEM,2022-06-11,0.0627021335843911,STAN,STAN,1
Kantar,2022-06-11,0.0627021335843911,STAN,STAN,1
Median,2022-06-11,0.0627021335843911,STAN,STAN,1
STEM,2022-06-11,0.0627021335843911,STAN,STAN,1
volby+STEM,2022-06-11,0.046823883680663994,TOP 09,TOP 09,1
Kantar,2022-06-11,0.046823883680663994,TOP 09,TOP 09,1
Median,2022-06-11,0.046823883680663994,TOP 09,TOP 09,1
STEM,2022-06-11,0.046823883680663994,TOP 09,TOP 09,1
volby+STEM,2022-06-11,0.04843522804945114,ČSSD,ČSSD,1
Kantar,2022-06-11,0.04843522804945114,ČSSD,ČSSD,1
Median,2022-06-11,0.04843522804945114,ČSSD,ČSSD,1
STEM,2022-06-11,0.04843522804945114,ČSSD,ČSSD,1
volby+STEM,2022-07-20,0.29820507430078574,ANO,ANO,1
Kantar,2022-07-20,0.29820507430078574,ANO,ANO,1
Median,2022-07-20,0.29820507430078574,ANO,ANO,1
STEM,2022-07-20,0.29820507430078574,ANO,ANO,1
volby+STEM,2022-07-20,0.04107932783962982,KDU-ČSL,KDU-ČSL,1
Kantar,2022-07-20,0.04107932783962982,KDU-ČSL,KDU-ČSL,1
Median,2022-07-20,0.04107932783962982,KDU-ČSL,KDU-ČSL,1
STEM,2022-07-20,0.04107932783962982,KDU-ČSL,KDU-ČSL,1
volby+STEM,2022-07-20,0.027071636973454716,KSČM,KSČM,1
Kantar,2022-07-20,0.027071636973454716,KSČM,KSČM,1
Median,2022-07-20,0.027071636973454716,KSČM,KSČM,1
STEM,2022-07-20,0.027071636973454716,KSČM,KSČM,1
volby+STEM,2022-07-20,0.16546751861349607,ODS,ODS,1
Kantar,2022-07-20,0.16546751861349607,ODS,ODS,1
Median,2022-07-20,0.16546751861349607,ODS,ODS,1
STEM,2022-07-20,0.16546751861349607,ODS,ODS,1
volby+STEM,2022-07-20,0.10033494542273155,Piráti,Piráti,1
Kantar,2022-07-20,0.10033494542273155,Piráti,Piráti,1
Median,2022-07-20,0.10033494542273155,Piráti,Piráti,1
STEM,2022-07-20,0.10033494542273155,Piráti,Piráti,1
volby+STEM,2022-07-20,0.030384500889225216,Přísaha,Přísaha,1
Kantar,2022-07-20,0.030384500889225216,Přísaha,Přísaha,1
Median,2022-07-20,0.030384500889225216,Přísaha,Přísaha,1
STEM,2022-07-20,0.030384500889225216,Přísaha,Přísaha,1
volby+STEM,2022-07-20,0.12316136437144397,SPD,SPD,1
Kantar,2022-07-20,0.12316136437144397,SPD,SPD,1
Median,2022-07-20,0.12316136437144397,SPD,SPD,1
STEM,2022-07-20,0.12316136437144397,SPD,SPD,1
volby+STEM,2022-07-20,0.05648522517298285,STAN,STAN,1
Kantar,2022-07-20,0.05648522517298285,STAN,STAN,1
Median,2022-07-20,0.05648522517298285,STAN,STAN,1
STEM,2022-07-20,0.05648522517298285,STAN,STAN,1
volby+STEM,2022-07-20,0.048192670047243986,TOP 09,TOP 09,1
Kantar,2022-07-20,0.048192670047243986,TOP 09,TOP 09,1
Median,2022-07-20,0.048192670047243986,TOP 09,TOP 09,1
STEM,2022-07-20,0.048192670047243986,TOP 09,TOP 09,1
volby+STEM,2022-07-20,0.04597027300450154,ČSSD,ČSSD,1
Kantar,2022-07-20,0.04597027300450154,ČSSD,ČSSD,1
Median,2022-07-20,0.04597027300450154,ČSSD,ČSSD,1
STEM,2022-07-20,0.04597027300450154,ČSSD,ČSSD,1
volby+STEM,2022-08-07,0.30016607710407855,ANO,ANO,1
Kantar,2022-08-07,0.30016607710407855,ANO,ANO,1
Median,2022-08-07,0.30016607710407855,ANO,ANO,1
STEM,2022-08-07,0.30016607710407855,ANO,ANO,1
volby+STEM,2022-08-07,0.03956620634525788,KDU-ČSL,KDU-ČSL,1
Kantar,2022-08-07,0.03956620634525788,KDU-ČSL,KDU-ČSL,1
Median,2022-08-07,0.03956620634525788,KDU-ČSL,KDU-ČSL,1
STEM,2022-08-07,0.03956620634525788,KDU-ČSL,KDU-ČSL,1
volby+STEM,2022-08-07,0.027724164003833627,KSČM,KSČM,1
Kantar,2022-08-07,0.027724164003833627,KSČM,KSČM,1
Median,2022-08-07,0.027724164003833627,KSČM,KSČM,1
STEM,2022-08-07,0.027724164003833627,KSČM,KSČM,1
volby+STEM,2022-08-07,0.16461024238878824,ODS,ODS,1
Kantar,2022-08-07,0.16461024238878824,ODS,ODS,1
Median,2022-08-07,0.16461024238878824,ODS,ODS,1
STEM,2022-08-07,0.16461024238878824,ODS,ODS,1
volby+STEM,2022-08-07,0.09943475758050847,Piráti,Piráti,1
Kantar,2022-08-07,0.09943475758050847,Piráti,Piráti,1
Median,2022-08-07,0.09943475758050847,Piráti,Piráti,1
STEM,2022-08-07,0.09943475758050847,Piráti,Piráti,1
volby+STEM,2022-08-07,0.031636430716825745,Přísaha,Přísaha,1
Kantar,2022-08-07,0.031636430716825745,Přísaha,Přísaha,1
Median,2022-08-07,0.031636430716825745,Přísaha,Přísaha,1
STEM,2022-08-07,0.031636430716825745,Přísaha,Přísaha,1
volby+STEM,2022-08-07,0.12369505140014993,SPD,SPD,1
Kantar,2022-08-07,0.12369505140014993,SPD,SPD,1
Median,2022-08-07,0.12369505140014993,SPD,SPD,1
STEM,2022-08-07,0.12369505140014993,SPD,SPD,1
volby+STEM,2022-08-07,0.05527743590935228,STAN,STAN,1
Kantar,2022-08-07,0.05527743590935228,STAN,STAN,1
Median,2022-08-07,0.05527743590935228,STAN,STAN,1
STEM,2022-08-07,0.05527743590935228,STAN,STAN,1
volby+STEM,2022-08-07,0.04801744146085563,TOP 09,TOP 09,1
Kantar,2022-08-07,0.04801744146085563,TOP 09,TOP 09,1
Median,2022-08-07,0.04801744146085563,TOP 09,TOP 09,1
STEM,2022-08-07,0.04801744146085563,TOP 09,TOP 09,1
volby+STEM,2022-08-07,0.04411501056682465,ČSSD,ČSSD,1
Kantar,2022-08-07,0.04411501056682465,ČSSD,ČSSD,1
Median,2022-08-07,0.04411501056682465,ČSSD,ČSSD,1
STEM,2022-08-07,0.04411501056682465,ČSSD,ČSSD,1
volby+STEM,2022-08-16,0.29944263495441076,ANO,ANO,1
Kantar,2022-08-16,0.29944263495441076,ANO,ANO,1
Median,2022-08-16,0.29944263495441076,ANO,ANO,1
STEM,2022-08-16,0.29944263495441076,ANO,ANO,1
volby+STEM,2022-08-16,0.03975615517936943,KDU-ČSL,KDU-ČSL,1
Kantar,2022-08-16,0.03975615517936943,KDU-ČSL,KDU-ČSL,1
Median,2022-08-16,0.03975615517936943,KDU-ČSL,KDU-ČSL,1
STEM,2022-08-16,0.03975615517936943,KDU-ČSL,KDU-ČSL,1
volby+STEM,2022-08-16,0.027131321884107953,KSČM,KSČM,1
Kantar,2022-08-16,0.027131321884107953,KSČM,KSČM,1
Median,2022-08-16,0.027131321884107953,KSČM,KSČM,1
STEM,2022-08-16,0.027131321884107953,KSČM,KSČM,1
volby+STEM,2022-08-16,0.16556908797895728,ODS,ODS,1
Kantar,2022-08-16,0.16556908797895728,ODS,ODS,1
Median,2022-08-16,0.16556908797895728,ODS,ODS,1
STEM,2022-08-16,0.16556908797895728,ODS,ODS,1
volby+STEM,2022-08-16,0.09995953076543074,Piráti,Piráti,1
Kantar,2022-08-16,0.09995953076543074,Piráti,Piráti,1
Median,2022-08-16,0.09995953076543074,Piráti,Piráti,1
STEM,2022-08-16,0.09995953076543074,Piráti,Piráti,1
volby+STEM,2022-08-16,0.03190666267827794,Přísaha,Přísaha,1
Kantar,2022-08-16,0.03190666267827794,Přísaha,Přísaha,1
Median,2022-08-16,0.03190666267827794,Přísaha,Přísaha,1
STEM,2022-08-16,0.03190666267827794,Přísaha,Přísaha,1
volby+STEM,2022-08-16,0.12450586706812397,SPD,SPD,1
Kantar,2022-08-16,0.12450586706812397,SPD,SPD,1
Median,2022-08-16,0.12450586706812397,SPD,SPD,1
STEM,2022-08-16,0.12450586706812397,SPD,SPD,1
volby+STEM,2022-08-16,0.05487987699930265,STAN,STAN,1
Kantar,2022-08-16,0.05487987699930265,STAN,STAN,1
Median,2022-08-16,0.05487987699930265,STAN,STAN,1
STEM,2022-08-16,0.05487987699930265,STAN,STAN,1
volby+STEM,2022-08-16,0.04690205562144883,TOP 09,TOP 09,1
Kantar,2022-08-16,0.04690205562144883,TOP 09,TOP 09,1
Median,2022-08-16,0.04690205562144883,TOP 09,TOP 09,1
STEM,2022-08-16,0.04690205562144883,TOP 09,TOP 09,1
volby+STEM,2022-08-16,0.04293595607000711,ČSSD,ČSSD,1
Kantar,2022-08-16,0.04293595607000711,ČSSD,ČSSD,1
Median,2022-08-16,0.04293595607000711,ČSSD,ČSSD,1
STEM,2022-08-16,0.04293595607000711,ČSSD,ČSSD,1
volby+STEM,2022-08-24,0.29994007244147675,ANO,ANO,1
Kantar,2022-08-24,0.29994007244147675,ANO,ANO,1
Median,2022-08-24,0.29994007244147675,ANO,ANO,1
STEM,2022-08-24,0.29994007244147675,ANO,ANO,1
volby+STEM,2022-08-24,0.040449661093045965,KDU-ČSL,KDU-ČSL,1
Kantar,2022-08-24,0.040449661093045965,KDU-ČSL,KDU-ČSL,1
Median,2022-08-24,0.040449661093045965,KDU-ČSL,KDU-ČSL,1
STEM,2022-08-24,0.040449661093045965,KDU-ČSL,KDU-ČSL,1
volby+STEM,2022-08-24,0.025761363228975147,KSČM,KSČM,1
Kantar,2022-08-24,0.025761363228975147,KSČM,KSČM,1
Median,2022-08-24,0.025761363228975147,KSČM,KSČM,1
STEM,2022-08-24,0.025761363228975147,KSČM,KSČM,1
volby+STEM,2022-08-24,0.16696958387819,ODS,ODS,1
Kantar,2022-08-24,0.16696958387819,ODS,ODS,1
Median,2022-08-24,0.16696958387819,ODS,ODS,1
STEM,2022-08-24,0.16696958387819,ODS,ODS,1
volby+STEM,2022-08-24,0.09866575240885063,Piráti,Piráti,1
Kantar,2022-08-24,0.09866575240885063,Piráti,Piráti,1
Median,2022-08-24,0.09866575240885063,Piráti,Piráti,1
STEM,2022-08-24,0.09866575240885063,Piráti,Piráti,1
volby+STEM,2022-08-24,0.03177026483900407,Přísaha,Přísaha,1
Kantar,2022-08-24,0.03177026483900407,Přísaha,Přísaha,1
Median,2022-08-24,0.03177026483900407,Přísaha,Přísaha,1
STEM,2022-08-24,0.03177026483900407,Přísaha,Přísaha,1
volby+STEM,2022-08-24,0.1233889825842689,SPD,SPD,1
Kantar,2022-08-24,0.1233889825842689,SPD,SPD,1
Median,2022-08-24,0.1233889825842689,SPD,SPD,1
STEM,2022-08-24,0.1233889825842689,SPD,SPD,1
volby+STEM,2022-08-24,0.056257016199539905,STAN,STAN,1
Kantar,2022-08-24,0.056257016199539905,STAN,STAN,1
Median,2022-08-24,0.056257016199539905,STAN,STAN,1
STEM,2022-08-24,0.056257016199539905,STAN,STAN,1
volby+STEM,2022-08-24,0.04736643264149384,TOP 09,TOP 09,1
Kantar,2022-08-24,0.04736643264149384,TOP 09,TOP 09,1
Median,2022-08-24,0.04736643264149384,TOP 09,TOP 09,1
STEM,2022-08-24,0.04736643264149384,TOP 09,TOP 09,1
volby+STEM,2022-08-24,0.041189224245679536,ČSSD,ČSSD,1
Kantar,2022-08-24,0.041189224245679536,ČSSD,ČSSD,1
Median,2022-08-24,0.041189224245679536,ČSSD,ČSSD,1
STEM,2022-08-24,0.041189224245679536,ČSSD,ČSSD,1
volby+STEM,2022-09-04,0.299812423827544,ANO,ANO,1
Kantar,2022-09-04,0.299812423827544,ANO,ANO,1
Median,2022-09-04,0.299812423827544,ANO,ANO,1
STEM,2022-09-04,0.299812423827544,ANO,ANO,1
volby+STEM,2022-09-04,0.041466256672098765,KDU-ČSL,KDU-ČSL,1
Kantar,2022-09-04,0.041466256672098765,KDU-ČSL,KDU-ČSL,1
Median,2022-09-04,0.041466256672098765,KDU-ČSL,KDU-ČSL,1
STEM,2022-09-04,0.041466256672098765,KDU-ČSL,KDU-ČSL,1
volby+STEM,2022-09-04,,KSČM,KSČM,1
Kantar,2022-09-04,,KSČM,KSČM,1
Median,2022-09-04,,KSČM,KSČM,1
STEM,2022-09-04,,KSČM,KSČM,1
volby+STEM,2022-09-04,0.16441583596316592,ODS,ODS,1
Kantar,2022-09-04,0.16441583596316592,ODS,ODS,1
Median,2022-09-04,0.16441583596316592,ODS,ODS,1
STEM,2022-09-04,0.16441583596316592,ODS,ODS,1
volby+STEM,2022-09-04,0.09907821528291783,Piráti,Piráti,1
Kantar,2022-09-04,0.09907821528291783,Piráti,Piráti,1
Median,2022-09-04,0.09907821528291783,Piráti,Piráti,1
STEM,2022-09-04,0.09907821528291783,Piráti,Piráti,1
volby+STEM,2022-09-04,0.031866208417047286,Přísaha,Přísaha,1
Kantar,2022-09-04,0.031866208417047286,Přísaha,Přísaha,1
Median,2022-09-04,0.031866208417047286,Přísaha,Přísaha,1
STEM,2022-09-04,0.031866208417047286,Přísaha,Přísaha,1
volby+STEM,2022-09-04,0.12399843315508441,SPD,SPD,1
Kantar,2022-09-04,0.12399843315508441,SPD,SPD,1
Median,2022-09-04,0.12399843315508441,SPD,SPD,1
STEM,2022-09-04,0.12399843315508441,SPD,SPD,1
volby+STEM,2022-09-04,0.05674179952419592,STAN,STAN,1
Kantar,2022-09-04,0.05674179952419592,STAN,STAN,1
Median,2022-09-04,0.05674179952419592,STAN,STAN,1
STEM,2022-09-04,0.05674179952419592,STAN,STAN,1
volby+STEM,2022-09-04,0.04837593305066428,TOP 09,TOP 09,1
Kantar,2022-09-04,0.04837593305066428,TOP 09,TOP 09,1
Median,2022-09-04,0.04837593305066428,TOP 09,TOP 09,1
STEM,2022-09-04,0.04837593305066428,TOP 09,TOP 09,1
volby+STEM,2022-09-04,0.040590227090692994,ČSSD,ČSSD,1
Kantar,2022-09-04,0.040590227090692994,ČSSD,ČSSD,1
Median,2022-09-04,0.040590227090692994,ČSSD,ČSSD,1
STEM,2022-09-04,0.040590227090692994,ČSSD,ČSSD,1
volby+STEM,2022-09-15,0.2996494259863368,ANO,ANO,1
Kantar,2022-09-15,0.2996494259863368,ANO,ANO,1
Median,2022-09-15,0.2996494259863368,ANO,ANO,1
STEM,2022-09-15,0.2996494259863368,ANO,ANO,1
volby+STEM,2022-09-15,0.04194005336538084,KDU-ČSL,KDU-ČSL,1
Kantar,2022-09-15,0.04194005336538084,KDU-ČSL,KDU-ČSL,1
Median,2022-09-15,0.04194005336538084,KDU-ČSL,KDU-ČSL,1
STEM,2022-09-15,0.04194005336538084,KDU-ČSL,KDU-ČSL,1
volby+STEM,2022-09-15,0.02264286305733604,KSČM,KSČM,1
Kantar,2022-09-15,0.02264286305733604,KSČM,KSČM,1
Median,2022-09-15,0.02264286305733604,KSČM,KSČM,1
STEM,2022-09-15,0.02264286305733604,KSČM,KSČM,1
volby+STEM,2022-09-15,0.16544544936374225,ODS,ODS,1
Kantar,2022-09-15,0.16544544936374225,ODS,ODS,1
Median,2022-09-15,0.16544544936374225,ODS,ODS,1
STEM,2022-09-15,0.16544544936374225,ODS,ODS,1
volby+STEM,2022-09-15,0.10033814288092299,Piráti,Piráti,1
Kantar,2022-09-15,0.10033814288092299,Piráti,Piráti,1
Median,2022-09-15,0.10033814288092299,Piráti,Piráti,1
STEM,2022-09-15,0.10033814288092299,Piráti,Piráti,1
volby+STEM,2022-09-15,0.03145179197286532,Přísaha,Přísaha,1
Kantar,2022-09-15,0.03145179197286532,Přísaha,Přísaha,1
Median,2022-09-15,0.03145179197286532,Přísaha,Přísaha,1
STEM,2022-09-15,0.03145179197286532,Přísaha,Přísaha,1
volby+STEM,2022-09-15,0.12151434186497763,SPD,SPD,1
Kantar,2022-09-15,0.12151434186497763,SPD,SPD,1
Median,2022-09-15,0.12151434186497763,SPD,SPD,1
STEM,2022-09-15,0.12151434186497763,SPD,SPD,1
volby+STEM,2022-09-15,0.058349410175789644,STAN,STAN,1
Kantar,2022-09-15,0.058349410175789644,STAN,STAN,1
Median,2022-09-15,0.058349410175789644,STAN,STAN,1
STEM,2022-09-15,0.058349410175789644,STAN,STAN,1
volby+STEM,2022-09-15,0.049155487806419235,TOP 09,TOP 09,1
Kantar,2022-09-15,0.049155487806419235,TOP 09,TOP 09,1
Median,2022-09-15,0.049155487806419235,TOP 09,TOP 09,1
STEM,2022-09-15,0.049155487806419235,TOP 09,TOP 09,1
volby+STEM,2022-09-15,0.04006644340283306,ČSSD,ČSSD,1
Kantar,2022-09-15,0.04006644340283306,ČSSD,ČSSD,1
Median,2022-09-15,0.04006644340283306,ČSSD,ČSSD,1
STEM,2022-09-15,0.04006644340283306,ČSSD,ČSSD,1
volby+STEM,2022-09-21,0.29906016726997303,ANO,ANO,1
Kantar,2022-09-21,0.29906016726997303,ANO,ANO,1
Median,2022-09-21,0.29906016726997303,ANO,ANO,1
STEM,2022-09-21,0.29906016726997303,ANO,ANO,1
volby+STEM,2022-09-21,0.04378112222585874,KDU-ČSL,KDU-ČSL,1
Kantar,2022-09-21,0.04378112222585874,KDU-ČSL,KDU-ČSL,1
Median,2022-09-21,0.04378112222585874,KDU-ČSL,KDU-ČSL,1
STEM,2022-09-21,0.04378112222585874,KDU-ČSL,KDU-ČSL,1
volby+STEM,2022-09-21,0.0225521321701814,KSČM,KSČM,1
Kantar,2022-09-21,0.0225521321701814,KSČM,KSČM,1
Median,2022-09-21,0.0225521321701814,KSČM,KSČM,1
STEM,2022-09-21,0.0225521321701814,KSČM,KSČM,1
volby+STEM,2022-09-21,0.166546714612867,ODS,ODS,1
Kantar,2022-09-21,0.166546714612867,ODS,ODS,1
Median,2022-09-21,0.166546714612867,ODS,ODS,1
STEM,2022-09-21,0.166546714612867,ODS,ODS,1
volby+STEM,2022-09-21,0.10017662963914656,Piráti,Piráti,1
Kantar,2022-09-21,0.10017662963914656,Piráti,Piráti,1
Median,2022-09-21,0.10017662963914656,Piráti,Piráti,1
STEM,2022-09-21,0.10017662963914656,Piráti,Piráti,1
volby+STEM,2022-09-21,0.031345347588494485,Přísaha,Přísaha,1
Kantar,2022-09-21,0.031345347588494485,Přísaha,Přísaha,1
Median,2022-09-21,0.031345347588494485,Přísaha,Přísaha,1
STEM,2022-09-21,0.031345347588494485,Přísaha,Přísaha,1
volby+STEM,2022-09-21,0.12067403728064613,SPD,SPD,1
Kantar,2022-09-21,0.12067403728064613,SPD,SPD,1
Median,2022-09-21,0.12067403728064613,SPD,SPD,1
STEM,2022-09-21,0.12067403728064613,SPD,SPD,1
volby+STEM,2022-09-21,0.05959255554962499,STAN,STAN,1
Kantar,2022-09-21,0.05959255554962499,STAN,STAN,1
Median,2022-09-21,0.05959255554962499,STAN,STAN,1
STEM,2022-09-21,0.05959255554962499,STAN,STAN,1
volby+STEM,2022-09-21,0.04860570147953092,TOP 09,TOP 09,1
Kantar,2022-09-21,0.04860570147953092,TOP 09,TOP 09,1
Median,2022-09-21,0.04860570147953092,TOP 09,TOP 09,1
STEM,2022-09-21,0.04860570147953092,TOP 09,TOP 09,1
volby+STEM,2022-09-21,0.03930622853312465,ČSSD,ČSSD,1
Kantar,2022-09-21,0.03930622853312465,ČSSD,ČSSD,1
Median,2022-09-21,0.03930622853312465,ČSSD,ČSSD,1
STEM,2022-09-21,0.03930622853312465,ČSSD,ČSSD,1
volby+STEM,2022-10-16,0.29765174767043495,ANO,ANO,1
Kantar,2022-10-16,0.29765174767043495,ANO,ANO,1
Median,2022-10-16,0.29765174767043495,ANO,ANO,1
STEM,2022-10-16,0.29765174767043495,ANO,ANO,1
volby+STEM,2022-10-16,0.04629127473986466,KDU-ČSL,KDU-ČSL,1
Kantar,2022-10-16,0.04629127473986466,KDU-ČSL,KDU-ČSL,1
Median,2022-10-16,0.04629127473986466,KDU-ČSL,KDU-ČSL,1
STEM,2022-10-16,0.04629127473986466,KDU-ČSL,KDU-ČSL,1
volby+STEM,2022-10-16,0.023366164851088844,KSČM,KSČM,1
Kantar,2022-10-16,0.023366164851088844,KSČM,KSČM,1
Median,2022-10-16,0.023366164851088844,KSČM,KSČM,1
STEM,2022-10-16,0.023366164851088844,KSČM,KSČM,1
volby+STEM,2022-10-16,0.16604111188504564,ODS,ODS,1
Kantar,2022-10-16,0.16604111188504564,ODS,ODS,1
Median,2022-10-16,0.16604111188504564,ODS,ODS,1
STEM,2022-10-16,0.16604111188504564,ODS,ODS,1
volby+STEM,2022-10-16,0.10463953205497602,Piráti,Piráti,1
Kantar,2022-10-16,0.10463953205497602,Piráti,Piráti,1
Median,2022-10-16,0.10463953205497602,Piráti,Piráti,1
STEM,2022-10-16,0.10463953205497602,Piráti,Piráti,1
volby+STEM,2022-10-16,0.026068474160022018,Přísaha,Přísaha,1
Kantar,2022-10-16,0.026068474160022018,Přísaha,Přísaha,1
Median,2022-10-16,0.026068474160022018,Přísaha,Přísaha,1
STEM,2022-10-16,0.026068474160022018,Přísaha,Přísaha,1
volby+STEM,2022-10-16,0.11860356919195555,SPD,SPD,1
Kantar,2022-10-16,0.11860356919195555,SPD,SPD,1
Median,2022-10-16,0.11860356919195555,SPD,SPD,1
STEM,2022-10-16,0.11860356919195555,SPD,SPD,1
volby+STEM,2022-10-16,0.05890362491454978,STAN,STAN,1
Kantar,2022-10-16,0.05890362491454978,STAN,STAN,1
Median,2022-10-16,0.05890362491454978,STAN,STAN,1
STEM,2022-10-16,0.05890362491454978,STAN,STAN,1
volby+STEM,2022-10-16,0.04986890745250487,TOP 09,TOP 09,1
Kantar,2022-10-16,0.04986890745250487,TOP 09,TOP 09,1
Median,2022-10-16,0.04986890745250487,TOP 09,TOP 09,1
STEM,2022-10-16,0.04986890745250487,TOP 09,TOP 09,1
volby+STEM,2022-10-16,0.04234047768111073,ČSSD,ČSSD,1
Kantar,2022-10-16,0.04234047768111073,ČSSD,ČSSD,1
Median,2022-10-16,0.04234047768111073,ČSSD,ČSSD,1
STEM,2022-10-16,0.04234047768111073,ČSSD,ČSSD,1
volby+STEM,2022-10-26,0.29321225776037246,ANO,ANO,1
Kantar,2022-10-26,0.29321225776037246,ANO,ANO,1
Median,2022-10-26,0.29321225776037246,ANO,ANO,1
STEM,2022-10-26,0.29321225776037246,ANO,ANO,1
volby+STEM,2022-10-26,0.04460239983761032,KDU-ČSL,KDU-ČSL,1
Kantar,2022-10-26,0.04460239983761032,KDU-ČSL,KDU-ČSL,1
Median,2022-10-26,0.04460239983761032,KDU-ČSL,KDU-ČSL,1
STEM,2022-10-26,0.04460239983761032,KDU-ČSL,KDU-ČSL,1
volby+STEM,2022-10-26,0.02449910427218764,KSČM,KSČM,1
Kantar,2022-10-26,0.02449910427218764,KSČM,KSČM,1
Median,2022-10-26,0.02449910427218764,KSČM,KSČM,1
STEM,2022-10-26,0.02449910427218764,KSČM,KSČM,1
volby+STEM,2022-10-26,0.1724653948125551,ODS,ODS,1
Kantar,2022-10-26,0.1724653948125551,ODS,ODS,1
Median,2022-10-26,0.1724653948125551,ODS,ODS,1
STEM,2022-10-26,0.1724653948125551,ODS,ODS,1
volby+STEM,2022-10-26,0.10572721727914199,Piráti,Piráti,1
Kantar,2022-10-26,0.10572721727914199,Piráti,Piráti,1
Median,2022-10-26,0.10572721727914199,Piráti,Piráti,1
STEM,2022-10-26,0.10572721727914199,Piráti,Piráti,1
volby+STEM,2022-10-26,0.024724394168778807,Přísaha,Přísaha,1
Kantar,2022-10-26,0.024724394168778807,Přísaha,Přísaha,1
Median,2022-10-26,0.024724394168778807,Přísaha,Přísaha,1
STEM,2022-10-26,0.024724394168778807,Přísaha,Přísaha,1
volby+STEM,2022-10-26,0.11726350993053704,SPD,SPD,1
Kantar,2022-10-26,0.11726350993053704,SPD,SPD,1
Median,2022-10-26,0.11726350993053704,SPD,SPD,1
STEM,2022-10-26,0.11726350993053704,SPD,SPD,1
volby+STEM,2022-10-26,0.059397518640776414,STAN,STAN,1
Kantar,2022-10-26,0.059397518640776414,STAN,STAN,1
Median,2022-10-26,0.059397518640776414,STAN,STAN,1
STEM,2022-10-26,0.059397518640776414,STAN,STAN,1
volby+STEM,2022-10-26,0.050474990721535454,TOP 09,TOP 09,1
Kantar,2022-10-26,0.050474990721535454,TOP 09,TOP 09,1
Median,2022-10-26,0.050474990721535454,TOP 09,TOP 09,1
STEM,2022-10-26,0.050474990721535454,TOP 09,TOP 09,1
volby+STEM,2022-10-26,0.04114048905747732,ČSSD,ČSSD,1
Kantar,2022-10-26,0.04114048905747732,ČSSD,ČSSD,1
Median,2022-10-26,0.04114048905747732,ČSSD,ČSSD,1
STEM,2022-10-26,0.04114048905747732,ČSSD,ČSSD,1
volby+STEM,2022-12-02,0.30162611704113124,ANO,ANO,1
Kantar,2022-12-02,0.30162611704113124,ANO,ANO,1
Median,2022-12-02,0.30162611704113124,ANO,ANO,1
STEM,2022-12-02,0.30162611704113124,ANO,ANO,1
volby+STEM,2022-12-02,0.04604396980044471,KDU-ČSL,KDU-ČSL,1
Kantar,2022-12-02,0.04604396980044471,KDU-ČSL,KDU-ČSL,1
Median,2022-12-02,0.04604396980044471,KDU-ČSL,KDU-ČSL,1
STEM,2022-12-02,0.04604396980044471,KDU-ČSL,KDU-ČSL,1
volby+STEM,2022-12-02,0.03277963322487352,KSČM,KSČM,1
Kantar,2022-12-02,0.03277963322487352,KSČM,KSČM,1
Median,2022-12-02,0.03277963322487352,KSČM,KSČM,1
STEM,2022-12-02,0.03277963322487352,KSČM,KSČM,1
volby+STEM,2022-12-02,0.15762908687140756,ODS,ODS,1
Kantar,2022-12-02,0.15762908687140756,ODS,ODS,1
Median,2022-12-02,0.15762908687140756,ODS,ODS,1
STEM,2022-12-02,0.15762908687140756,ODS,ODS,1
volby+STEM,2022-12-02,0.09999096292785555,Piráti,Piráti,1
Kantar,2022-12-02,0.09999096292785555,Piráti,Piráti,1
Median,2022-12-02,0.09999096292785555,Piráti,Piráti,1
STEM,2022-12-02,0.09999096292785555,Piráti,Piráti,1
volby+STEM,2022-12-02,,Přísaha,Přísaha,1
Kantar,2022-12-02,,Přísaha,Přísaha,1
Median,2022-12-02,,Přísaha,Přísaha,1
STEM,2022-12-02,,Přísaha,Přísaha,1
volby+STEM,2022-12-02,0.11785373575894822,SPD,SPD,1
Kantar,2022-12-02,0.11785373575894822,SPD,SPD,1
Median,2022-12-02,0.11785373575894822,SPD,SPD,1
STEM,2022-12-02,0.11785373575894822,SPD,SPD,1
volby+STEM,2022-12-02,0.06240938624582349,STAN,STAN,1
Kantar,2022-12-02,0.06240938624582349,STAN,STAN,1
Median,2022-12-02,0.06240938624582349,STAN,STAN,1
STEM,2022-12-02,0.06240938624582349,STAN,STAN,1
volby+STEM,2022-12-02,0.04827799416748781,TOP 09,TOP 09,1
Kantar,2022-12-02,0.04827799416748781,TOP 09,TOP 09,1
Median,2022-12-02,0.04827799416748781,TOP 09,TOP 09,1
STEM,2022-12-02,0.04827799416748781,TOP 09,TOP 09,1
volby+STEM,2022-12-02,0.041102710856101635,ČSSD,ČSSD,1
Kantar,2022-12-02,0.041102710856101635,ČSSD,ČSSD,1
Median,2022-12-02,0.041102710856101635,ČSSD,ČSSD,1
STEM,2022-12-02,0.041102710856101635,ČSSD,ČSSD,1
volby+STEM,2023-02-22,0.3115866784357688,ANO,ANO,1
Kantar,2023-02-22,0.3115866784357688,ANO,ANO,1
Median,2023-02-22,0.3115866784357688,ANO,ANO,1
STEM,2023-02-22,0.3115866784357688,ANO,ANO,1
volby+STEM,2023-02-22,0.03882674272818152,KDU-ČSL,KDU-ČSL,1
Kantar,2023-02-22,0.03882674272818152,KDU-ČSL,KDU-ČSL,1
Median,2023-02-22,0.03882674272818152,KDU-ČSL,KDU-ČSL,1
STEM,2023-02-22,0.03882674272818152,KDU-ČSL,KDU-ČSL,1
volby+STEM,2023-02-22,0.028471230227282547,KSČM,KSČM,1
Kantar,2023-02-22,0.028471230227282547,KSČM,KSČM,1
Median,2023-02-22,0.028471230227282547,KSČM,KSČM,1
STEM,2023-02-22,0.028471230227282547,KSČM,KSČM,1
volby+STEM,2023-02-22,0.17544469235255103,ODS,ODS,1
Kantar,2023-02-22,0.17544469235255103,ODS,ODS,1
Median,2023-02-22,0.17544469235255103,ODS,ODS,1
STEM,2023-02-22,0.17544469235255103,ODS,ODS,1
volby+STEM,2023-02-22,0.10107801433428361,Piráti,Piráti,1
Kantar,2023-02-22,0.10107801433428361,Piráti,Piráti,1
Median,2023-02-22,0.10107801433428361,Piráti,Piráti,1
STEM,2023-02-22,0.10107801433428361,Piráti,Piráti,1
volby+STEM,2023-02-22,0.024629304473395147,Přísaha,Přísaha,1
Kantar,2023-02-22,0.024629304473395147,Přísaha,Přísaha,1
Median,2023-02-22,0.024629304473395147,Přísaha,Přísaha,1
STEM,2023-02-22,0.024629304473395147,Přísaha,Přísaha,1
volby+STEM,2023-02-22,0.09126777050870712,SPD,SPD,1
Kantar,2023-02-22,0.09126777050870712,SPD,SPD,1
Median,2023-02-22,0.09126777050870712,SPD,SPD,1
STEM,2023-02-22,0.09126777050870712,SPD,SPD,1
volby+STEM,2023-02-22,0.06928315320627913,STAN,STAN,1
Kantar,2023-02-22,0.06928315320627913,STAN,STAN,1
Median,2023-02-22,0.06928315320627913,STAN,STAN,1
STEM,2023-02-22,0.06928315320627913,STAN,STAN,1
volby+STEM,2023-02-22,0.0486150736909466,TOP 09,TOP 09,1
Kantar,2023-02-22,0.0486150736909466,TOP 09,TOP 09,1
Median,2023-02-22,0.0486150736909466,TOP 09,TOP 09,1
STEM,2023-02-22,0.0486150736909466,TOP 09,TOP 09,1
volby+STEM,2023-02-22,0.0462002140025153,ČSSD,ČSSD,1
Kantar,2023-02-22,0.0462002140025153,ČSSD,ČSSD,1
Median,2023-02-22,0.0462002140025153,ČSSD,ČSSD,1
STEM,2023-02-22,0.0462002140025153,ČSSD,ČSSD,1
volby+STEM,2023-02-23,0.31195575189477937,ANO,ANO,1
Kantar,2023-02-23,0.31195575189477937,ANO,ANO,1
Median,2023-02-23,0.31195575189477937,ANO,ANO,1
STEM,2023-02-23,0.31195575189477937,ANO,ANO,1
volby+STEM,2023-02-23,0.03878294607692886,KDU-ČSL,KDU-ČSL,1
Kantar,2023-02-23,0.03878294607692886,KDU-ČSL,KDU-ČSL,1
Median,2023-02-23,0.03878294607692886,KDU-ČSL,KDU-ČSL,1
STEM,2023-02-23,0.03878294607692886,KDU-ČSL,KDU-ČSL,1
volby+STEM,2023-02-23,0.028634204346597077,KSČM,KSČM,1
Kantar,2023-02-23,0.028634204346597077,KSČM,KSČM,1
Median,2023-02-23,0.028634204346597077,KSČM,KSČM,1
STEM,2023-02-23,0.028634204346597077,KSČM,KSČM,1
volby+STEM,2023-02-23,0.17467745322169415,ODS,ODS,1
Kantar,2023-02-23,0.17467745322169415,ODS,ODS,1
Median,2023-02-23,0.17467745322169415,ODS,ODS,1
STEM,2023-02-23,0.17467745322169415,ODS,ODS,1
volby+STEM,2023-02-23,0.10130939600691574,Piráti,Piráti,1
Kantar,2023-02-23,0.10130939600691574,Piráti,Piráti,1
Median,2023-02-23,0.10130939600691574,Piráti,Piráti,1
STEM,2023-02-23,0.10130939600691574,Piráti,Piráti,1
volby+STEM,2023-02-23,0.02465176453443757,Přísaha,Přísaha,1
Kantar,2023-02-23,0.02465176453443757,Přísaha,Přísaha,1
Median,2023-02-23,0.02465176453443757,Přísaha,Přísaha,1
STEM,2023-02-23,0.02465176453443757,Přísaha,Přísaha,1
volby+STEM,2023-02-23,0.0913247969899624,SPD,SPD,1
Kantar,2023-02-23,0.0913247969899624,SPD,SPD,1
Median,2023-02-23,0.0913247969899624,SPD,SPD,1
STEM,2023-02-23,0.0913247969899624,SPD,SPD,1
volby+STEM,2023-02-23,0.06928704292886796,STAN,STAN,1
Kantar,2023-02-23,0.06928704292886796,STAN,STAN,1
Median,2023-02-23,0.06928704292886796,STAN,STAN,1
STEM,2023-02-23,0.06928704292886796,STAN,STAN,1
volby+STEM,2023-02-23,0.048587432080813675,TOP 09,TOP 09,1
Kantar,2023-02-23,0.048587432080813675,TOP 09,TOP 09,1
Median,2023-02-23,0.048587432080813675,TOP 09,TOP 09,1
STEM,2023-02-23,0.048587432080813675,TOP 09,TOP 09,1
volby+STEM,2023-02-23,0.0462388087244916,ČSSD,ČSSD,1
Kantar,2023-02-23,0.0462388087244916,ČSSD,ČSSD,1
Median,2023-02-23,0.0462388087244916,ČSSD,ČSSD,1
STEM,2023-02-23,0.0462388087244916,ČSSD,ČSSD,1
volby+STEM,2023-03-18,0.31668943569638813,ANO,ANO,1
Kantar,2023-03-18,0.31668943569638813,ANO,ANO,1
Median,2023-03-18,0.31668943569638813,ANO,ANO,1
STEM,2023-03-18,0.31668943569638813,ANO,ANO,1
volby+STEM,2023-03-18,0.03960620839350843,KDU-ČSL,KDU-ČSL,1
Kantar,2023-03-18,0.03960620839350843,KDU-ČSL,KDU-ČSL,1
Median,2023-03-18,0.03960620839350843,KDU-ČSL,KDU-ČSL,1
STEM,2023-03-18,0.03960620839350843,KDU-ČSL,KDU-ČSL,1
volby+STEM,2023-03-18,0.029346702254074954,KSČM,KSČM,1
Kantar,2023-03-18,0.029346702254074954,KSČM,KSČM,1
Median,2023-03-18,0.029346702254074954,KSČM,KSČM,1
STEM,2023-03-18,0.029346702254074954,KSČM,KSČM,1
volby+STEM,2023-03-18,0.17118068860565114,ODS,ODS,1
Kantar,2023-03-18,0.17118068860565114,ODS,ODS,1
Median,2023-03-18,0.17118068860565114,ODS,ODS,1
STEM,2023-03-18,0.17118068860565114,ODS,ODS,1
volby+STEM,2023-03-18,0.10004258077935906,Piráti,Piráti,1
Kantar,2023-03-18,0.10004258077935906,Piráti,Piráti,1
Median,2023-03-18,0.10004258077935906,Piráti,Piráti,1
STEM,2023-03-18,0.10004258077935906,Piráti,Piráti,1
volby+STEM,2023-03-18,0.02500902549759732,Přísaha,Přísaha,1
Kantar,2023-03-18,0.02500902549759732,Přísaha,Přísaha,1
Median,2023-03-18,0.02500902549759732,Přísaha,Přísaha,1
STEM,2023-03-18,0.02500902549759732,Přísaha,Přísaha,1
volby+STEM,2023-03-18,0.09086517956178801,SPD,SPD,1
Kantar,2023-03-18,0.09086517956178801,SPD,SPD,1
Median,2023-03-18,0.09086517956178801,SPD,SPD,1
STEM,2023-03-18,0.09086517956178801,SPD,SPD,1
volby+STEM,2023-03-18,0.06902932623735378,STAN,STAN,1
Kantar,2023-03-18,0.06902932623735378,STAN,STAN,1
Median,2023-03-18,0.06902932623735378,STAN,STAN,1
STEM,2023-03-18,0.06902932623735378,STAN,STAN,1
volby+STEM,2023-03-18,0.047246181311369116,TOP 09,TOP 09,1
Kantar,2023-03-18,0.047246181311369116,TOP 09,TOP 09,1
Median,2023-03-18,0.047246181311369116,TOP 09,TOP 09,1
STEM,2023-03-18,0.047246181311369116,TOP 09,TOP 09,1
volby+STEM,2023-03-18,0.04530396012701296,ČSSD,ČSSD,1
Kantar,2023-03-18,0.04530396012701296,ČSSD,ČSSD,1
Median,2023-03-18,0.04530396012701296,ČSSD,ČSSD,1
STEM,2023-03-18,0.04530396012701296,ČSSD,ČSSD,1
volby+STEM,2023-03-28,0.31292933836293835,ANO,ANO,1
Kantar,2023-03-28,0.31292933836293835,ANO,ANO,1
Median,2023-03-28,0.31292933836293835,ANO,ANO,1
STEM,2023-03-28,0.31292933836293835,ANO,ANO,1
volby+STEM,2023-03-28,0.03983743655313041,KDU-ČSL,KDU-ČSL,1
Kantar,2023-03-28,0.03983743655313041,KDU-ČSL,KDU-ČSL,1
Median,2023-03-28,0.03983743655313041,KDU-ČSL,KDU-ČSL,1
STEM,2023-03-28,0.03983743655313041,KDU-ČSL,KDU-ČSL,1
volby+STEM,2023-03-28,0.02948575773532855,KSČM,KSČM,1
Kantar,2023-03-28,0.02948575773532855,KSČM,KSČM,1
Median,2023-03-28,0.02948575773532855,KSČM,KSČM,1
STEM,2023-03-28,0.02948575773532855,KSČM,KSČM,1
volby+STEM,2023-03-28,0.1730335441800883,ODS,ODS,1
Kantar,2023-03-28,0.1730335441800883,ODS,ODS,1
Median,2023-03-28,0.1730335441800883,ODS,ODS,1
STEM,2023-03-28,0.1730335441800883,ODS,ODS,1
volby+STEM,2023-03-28,0.10250779533433524,Piráti,Piráti,1
Kantar,2023-03-28,0.10250779533433524,Piráti,Piráti,1
Median,2023-03-28,0.10250779533433524,Piráti,Piráti,1
STEM,2023-03-28,0.10250779533433524,Piráti,Piráti,1
volby+STEM,2023-03-28,0.026121562103640732,Přísaha,Přísaha,1
Kantar,2023-03-28,0.026121562103640732,Přísaha,Přísaha,1
Median,2023-03-28,0.026121562103640732,Přísaha,Přísaha,1
STEM,2023-03-28,0.026121562103640732,Přísaha,Přísaha,1
volby+STEM,2023-03-28,0.08890811640569686,SPD,SPD,1
Kantar,2023-03-28,0.08890811640569686,SPD,SPD,1
Median,2023-03-28,0.08890811640569686,SPD,SPD,1
STEM,2023-03-28,0.08890811640569686,SPD,SPD,1
volby+STEM,2023-03-28,0.06678910284531818,STAN,STAN,1
Kantar,2023-03-28,0.06678910284531818,STAN,STAN,1
Median,2023-03-28,0.06678910284531818,STAN,STAN,1
STEM,2023-03-28,0.06678910284531818,STAN,STAN,1
volby+STEM,2023-03-28,0.04620598445001812,TOP 09,TOP 09,1
Kantar,2023-03-28,0.04620598445001812,TOP 09,TOP 09,1
Median,2023-03-28,0.04620598445001812,TOP 09,TOP 09,1
STEM,2023-03-28,0.04620598445001812,TOP 09,TOP 09,1
volby+STEM,2023-03-28,0.04599044409908144,ČSSD,ČSSD,1
Kantar,2023-03-28,0.04599044409908144,ČSSD,ČSSD,1
Median,2023-03-28,0.04599044409908144,ČSSD,ČSSD,1
STEM,2023-03-28,0.04599044409908144,ČSSD,ČSSD,1
volby+STEM,2023-04-16,0.31245267480273775,ANO,ANO,1
Kantar,2023-04-16,0.31245267480273775,ANO,ANO,1
Median,2023-04-16,0.31245267480273775,ANO,ANO,1
STEM,2023-04-16,0.31245267480273775,ANO,ANO,1
volby+STEM,2023-04-16,0.04437035465217346,KDU-ČSL,KDU-ČSL,1
Kantar,2023-04-16,0.04437035465217346,KDU-ČSL,KDU-ČSL,1
Median,2023-04-16,0.04437035465217346,KDU-ČSL,KDU-ČSL,1
STEM,2023-04-16,0.04437035465217346,KDU-ČSL,KDU-ČSL,1
volby+STEM,2023-04-16,0.031622968363102924,KSČM,KSČM,1
Kantar,2023-04-16,0.031622968363102924,KSČM,KSČM,1
Median,2023-04-16,0.031622968363102924,KSČM,KSČM,1
STEM,2023-04-16,0.031622968363102924,KSČM,KSČM,1
volby+STEM,2023-04-16,0.1658043643843534,ODS,ODS,1
Kantar,2023-04-16,0.1658043643843534,ODS,ODS,1
Median,2023-04-16,0.1658043643843534,ODS,ODS,1
STEM,2023-04-16,0.1658043643843534,ODS,ODS,1
volby+STEM,2023-04-16,0.10457511649025072,Piráti,Piráti,1
Kantar,2023-04-16,0.10457511649025072,Piráti,Piráti,1
Median,2023-04-16,0.10457511649025072,Piráti,Piráti,1
STEM,2023-04-16,0.10457511649025072,Piráti,Piráti,1
volby+STEM,2023-04-16,0.02479151210686087,Přísaha,Přísaha,1
Kantar,2023-04-16,0.02479151210686087,Přísaha,Přísaha,1
Median,2023-04-16,0.02479151210686087,Přísaha,Přísaha,1
STEM,2023-04-16,0.02479151210686087,Přísaha,Přísaha,1
volby+STEM,2023-04-16,0.08848556569395677,SPD,SPD,1
Kantar,2023-04-16,0.08848556569395677,SPD,SPD,1
Median,2023-04-16,0.08848556569395677,SPD,SPD,1
STEM,2023-04-16,0.08848556569395677,SPD,SPD,1
volby+STEM,2023-04-16,0.06696082658309979,STAN,STAN,1
Kantar,2023-04-16,0.06696082658309979,STAN,STAN,1
Median,2023-04-16,0.06696082658309979,STAN,STAN,1
STEM,2023-04-16,0.06696082658309979,STAN,STAN,1
volby+STEM,2023-04-16,0.04658705114047155,TOP 09,TOP 09,1
Kantar,2023-04-16,0.04658705114047155,TOP 09,TOP 09,1
Median,2023-04-16,0.04658705114047155,TOP 09,TOP 09,1
STEM,2023-04-16,0.04658705114047155,TOP 09,TOP 09,1
volby+STEM,2023-04-16,0.0457744092717035,ČSSD,ČSSD,1
Kantar,2023-04-16,0.0457744092717035,ČSSD,ČSSD,1
Median,2023-04-16,0.0457744092717035,ČSSD,ČSSD,1
STEM,2023-04-16,0.0457744092717035,ČSSD,ČSSD,1
volby+STEM,2023-04-26,0.31272712320896906,ANO,ANO,1
Kantar,2023-04-26,0.31272712320896906,ANO,ANO,1
Median,2023-04-26,0.31272712320896906,ANO,ANO,1
STEM,2023-04-26,0.31272712320896906,ANO,ANO,1
volby+STEM,2023-04-26,0.04459661568179575,KDU-ČSL,KDU-ČSL,1
Kantar,2023-04-26,0.04459661568179575,KDU-ČSL,KDU-ČSL,1
Median,2023-04-26,0.04459661568179575,KDU-ČSL,KDU-ČSL,1
STEM,2023-04-26,0.04459661568179575,KDU-ČSL,KDU-ČSL,1
volby+STEM,2023-04-26,0.030977780965998104,KSČM,KSČM,1
Kantar,2023-04-26,0.030977780965998104,KSČM,KSČM,1
Median,2023-04-26,0.030977780965998104,KSČM,KSČM,1
STEM,2023-04-26,0.030977780965998104,KSČM,KSČM,1
volby+STEM,2023-04-26,0.16518703874784957,ODS,ODS,1
Kantar,2023-04-26,0.16518703874784957,ODS,ODS,1
Median,2023-04-26,0.16518703874784957,ODS,ODS,1
STEM,2023-04-26,0.16518703874784957,ODS,ODS,1
volby+STEM,2023-04-26,0.10566647516509892,Piráti,Piráti,1
Kantar,2023-04-26,0.10566647516509892,Piráti,Piráti,1
Median,2023-04-26,0.10566647516509892,Piráti,Piráti,1
STEM,2023-04-26,0.10566647516509892,Piráti,Piráti,1
volby+STEM,2023-04-26,0.025098801764956036,Přísaha,Přísaha,1
Kantar,2023-04-26,0.025098801764956036,Přísaha,Přísaha,1
Median,2023-04-26,0.025098801764956036,Přísaha,Přísaha,1
STEM,2023-04-26,0.025098801764956036,Přísaha,Přísaha,1
volby+STEM,2023-04-26,0.08902183162144217,SPD,SPD,1
Kantar,2023-04-26,0.08902183162144217,SPD,SPD,1
Median,2023-04-26,0.08902183162144217,SPD,SPD,1
STEM,2023-04-26,0.08902183162144217,SPD,SPD,1
volby+STEM,2023-04-26,0.06526327279650494,STAN,STAN,1
Kantar,2023-04-26,0.06526327279650494,STAN,STAN,1
Median,2023-04-26,0.06526327279650494,STAN,STAN,1
STEM,2023-04-26,0.06526327279650494,STAN,STAN,1
volby+STEM,2023-04-26,0.047160292880269704,TOP 09,TOP 09,1
Kantar,2023-04-26,0.047160292880269704,TOP 09,TOP 09,1
Median,2023-04-26,0.047160292880269704,TOP 09,TOP 09,1
STEM,2023-04-26,0.047160292880269704,TOP 09,TOP 09,1
volby+STEM,2023-04-26,0.04694054777812974,ČSSD,ČSSD,1
Kantar,2023-04-26,0.04694054777812974,ČSSD,ČSSD,1
Median,2023-04-26,0.04694054777812974,ČSSD,ČSSD,1
STEM,2023-04-26,0.04694054777812974,ČSSD,ČSSD,1
volby+STEM,2023-05-23,0.3217063157787003,ANO,ANO,1
Kantar,2023-05-23,0.3217063157787003,ANO,ANO,1
Median,2023-05-23,0.3217063157787003,ANO,ANO,1
STEM,2023-05-23,0.3217063157787003,ANO,ANO,1
volby+STEM,2023-05-23,0.04032464607108999,KDU-ČSL,KDU-ČSL,1
Kantar,2023-05-23,0.04032464607108999,KDU-ČSL,KDU-ČSL,1
Median,2023-05-23,0.04032464607108999,KDU-ČSL,KDU-ČSL,1
STEM,2023-05-23,0.04032464607108999,KDU-ČSL,KDU-ČSL,1
volby+STEM,2023-05-23,0.03380875145825739,KSČM,KSČM,1
Kantar,2023-05-23,0.03380875145825739,KSČM,KSČM,1
Median,2023-05-23,0.03380875145825739,KSČM,KSČM,1
STEM,2023-05-23,0.03380875145825739,KSČM,KSČM,1
volby+STEM,2023-05-23,0.157451885477069,ODS,ODS,1
Kantar,2023-05-23,0.157451885477069,ODS,ODS,1
Median,2023-05-23,0.157451885477069,ODS,ODS,1
STEM,2023-05-23,0.157451885477069,ODS,ODS,1
volby+STEM,2023-05-23,0.10660722336998572,Piráti,Piráti,1
Kantar,2023-05-23,0.10660722336998572,Piráti,Piráti,1
Median,2023-05-23,0.10660722336998572,Piráti,Piráti,1
STEM,2023-05-23,0.10660722336998572,Piráti,Piráti,1
volby+STEM,2023-05-23,0.026671549216208564,Přísaha,Přísaha,1
Kantar,2023-05-23,0.026671549216208564,Přísaha,Přísaha,1
Median,2023-05-23,0.026671549216208564,Přísaha,Přísaha,1
STEM,2023-05-23,0.026671549216208564,Přísaha,Přísaha,1
volby+STEM,2023-05-23,0.09062560917927749,SPD,SPD,1
Kantar,2023-05-23,0.09062560917927749,SPD,SPD,1
Median,2023-05-23,0.09062560917927749,SPD,SPD,1
STEM,2023-05-23,0.09062560917927749,SPD,SPD,1
volby+STEM,2023-05-23,0.062335122753822934,STAN,STAN,1
Kantar,2023-05-23,0.062335122753822934,STAN,STAN,1
Median,2023-05-23,0.062335122753822934,STAN,STAN,1
STEM,2023-05-23,0.062335122753822934,STAN,STAN,1
volby+STEM,2023-05-23,0.04709567165271107,TOP 09,TOP 09,1
Kantar,2023-05-23,0.04709567165271107,TOP 09,TOP 09,1
Median,2023-05-23,0.04709567165271107,TOP 09,TOP 09,1
STEM,2023-05-23,0.04709567165271107,TOP 09,TOP 09,1
volby+STEM,2023-05-23,0.044545647336216646,ČSSD,ČSSD,1
Kantar,2023-05-23,0.044545647336216646,ČSSD,ČSSD,1
Median,2023-05-23,0.044545647336216646,ČSSD,ČSSD,1
STEM,2023-05-23,0.044545647336216646,ČSSD,ČSSD,1
volby+STEM,2021-10-09,0.271,,ANO,12
Kantar,2021-11-10,0.27,,ANO,6
Kantar,2022-02-23,0.25,,ANO,6
Kantar,2022-03-23,0.275,,ANO,6
Kantar,2022-04-18,0.275,,ANO,6
Median,2022-05-17,0.285,,ANO,6
Kantar,2022-05-24,0.28,,ANO,6
Median,2022-06-11,0.29,,ANO,6
Median,2022-07-20,0.3,,ANO,6
STEM,2022-08-07,0.311,,ANO,6
Median,2022-08-16,0.29,,ANO,6
Kantar,2022-08-24,0.305,,ANO,6
STEM,2022-09-04,0.3,,ANO,6
Median,2022-09-15,0.305,,ANO,6
Kantar,2022-09-21,0.295,,ANO,6
Median,2022-10-16,0.315,,ANO,6
Kantar,2022-10-26,0.265,,ANO,6
STEM,2022-12-02,0.308,,ANO,6
Kantar,2023-02-22,0.295,,ANO,6
Median,2023-02-23,0.32,,ANO,6
Median,2023-03-18,0.345,,ANO,6
Kantar,2023-03-28,0.295,,ANO,6
Median,2023-04-16,0.31,,ANO,6
Kantar,2023-04-26,0.305,,ANO,6
STEM,2023-05-23,0.335,,ANO,6
volby+STEM,2021-10-09,0.096,,SPD,12
Kantar,2021-11-10,0.095,,SPD,6
Kantar,2022-02-23,0.115,,SPD,6
Kantar,2022-03-23,0.095,,SPD,6
Kantar,2022-04-18,0.11,,SPD,6
Median,2022-05-17,0.115,,SPD,6
Kantar,2022-05-24,0.11,,SPD,6
Median,2022-06-11,0.125,,SPD,6
Median,2022-07-20,0.125,,SPD,6
STEM,2022-08-07,0.11900000000000001,,SPD,6
Median,2022-08-16,0.14,,SPD,6
Kantar,2022-08-24,0.11,,SPD,6
STEM,2022-09-04,0.14300000000000002,,SPD,6
Median,2022-09-15,0.115,,SPD,6
Kantar,2022-09-21,0.115,,SPD,6
Median,2022-10-16,0.12,,SPD,6
Kantar,2022-10-26,0.11,,SPD,6
STEM,2022-12-02,0.124,,SPD,6
Kantar,2023-02-22,0.085,,SPD,6
Median,2023-02-23,0.095,,SPD,6
Median,2023-03-18,0.1,,SPD,6
Kantar,2023-03-28,0.08,,SPD,6
Median,2023-04-16,0.085,,SPD,6
Kantar,2023-04-26,0.09,,SPD,6
STEM,2023-05-23,0.09300000000000001,,SPD,6
volby+STEM,2021-10-09,0.047,,ČSSD,12
Kantar,2021-11-10,0.04,,ČSSD,6
Kantar,2022-02-23,0.03,,ČSSD,6
Kantar,2022-03-23,0.025,,ČSSD,6
Kantar,2022-04-18,0.025,,ČSSD,6
Median,2022-05-17,0.055,,ČSSD,6
Kantar,2022-05-24,0.045,,ČSSD,6
Median,2022-06-11,0.055999999999999994,,ČSSD,6
Median,2022-07-20,0.05,,ČSSD,6
STEM,2022-08-07,0.048,,ČSSD,6
Median,2022-08-16,0.05,,ČSSD,6
Kantar,2022-08-24,0.03,,ČSSD,6
STEM,2022-09-04,0.04,,ČSSD,6
Median,2022-09-15,0.045,,ČSSD,6
Kantar,2022-09-21,0.025,,ČSSD,6
Median,2022-10-16,0.055,,ČSSD,6
Kantar,2022-10-26,0.035,,ČSSD,6
STEM,2022-12-02,0.04,,ČSSD,6
Kantar,2023-02-22,0.045,,ČSSD,6
Median,2023-02-23,0.05,,ČSSD,6
Median,2023-03-18,0.04,,ČSSD,6
Kantar,2023-03-28,0.05,,ČSSD,6
Median,2023-04-16,0.04,,ČSSD,6
Kantar,2023-04-26,0.055,,ČSSD,6
STEM,2023-05-23,0.040999999999999995,,ČSSD,6
volby+STEM,2021-10-09,0.036000000000000004,,KSČM,12
Kantar,2021-11-10,0.035,,KSČM,6
Kantar,2022-02-23,0.02,,KSČM,6
Kantar,2022-03-23,0.025,,KSČM,6
Kantar,2022-04-18,0.02,,KSČM,6
Median,2022-05-17,0.03,,KSČM,6
Kantar,2022-05-24,0.025,,KSČM,6
Median,2022-06-11,0.027999999999999997,,KSČM,6
Median,2022-07-20,0.025,,KSČM,6
STEM,2022-08-07,0.034,,KSČM,6
Median,2022-08-16,0.035,,KSČM,6
Kantar,2022-08-24,0.035,,KSČM,6
STEM,2022-09-04,,,KSČM,6
Median,2022-09-15,0.025,,KSČM,6
Kantar,2022-09-21,0.02,,KSČM,6
Median,2022-10-16,0.02,,KSČM,6
Kantar,2022-10-26,0.025,,KSČM,6
STEM,2022-12-02,0.042,,KSČM,6
Kantar,2023-02-22,0.02,,KSČM,6
Median,2023-02-23,0.035,,KSČM,6
Median,2023-03-18,0.03,,KSČM,6
Kantar,2023-03-28,0.025,,KSČM,6
Median,2023-04-16,0.04,,KSČM,6
Kantar,2023-04-26,0.025,,KSČM,6
STEM,2023-05-23,0.038,,KSČM,6
volby+STEM,2021-10-09,0.047,,Přísaha,12
Kantar,2021-11-10,0.025,,Přísaha,6
Kantar,2022-02-23,0.03,,Přísaha,6
Kantar,2022-03-23,0.035,,Přísaha,6
Kantar,2022-04-18,0.03,,Přísaha,6
Median,2022-05-17,0.03,,Přísaha,6
Kantar,2022-05-24,0.02,,Přísaha,6
Median,2022-06-11,0.022000000000000002,,Přísaha,6
Median,2022-07-20,0.03,,Přísaha,6
STEM,2022-08-07,0.033,,Přísaha,6
Median,2022-08-16,0.035,,Přísaha,6
Kantar,2022-08-24,0.03,,Přísaha,6
STEM,2022-09-04,0.035,,Přísaha,6
Median,2022-09-15,0.03,,Přísaha,6
Kantar,2022-09-21,0.04,,Přísaha,6
Median,2022-10-16,0.02,,Přísaha,6
Kantar,2022-10-26,0.025,,Přísaha,6
STEM,2022-12-02,,,Přísaha,6
Kantar,2023-02-22,0.025,,Přísaha,6
Median,2023-02-23,0.025,,Přísaha,6
Median,2023-03-18,0.02,,Přísaha,6
Kantar,2023-03-28,0.035,,Přísaha,6
Median,2023-04-16,0.02,,Přísaha,6
Kantar,2023-04-26,0.025,,Přísaha,6
STEM,2023-05-23,0.028999999999999998,,Přísaha,6
volby+STEM,2021-10-09,0.136,,ODS,12
Kantar,2021-11-10,0.155,,ODS,6
Kantar,2022-02-23,0.21,,ODS,6
Kantar,2022-03-23,0.225,,ODS,6
Kantar,2022-04-18,0.26,,ODS,6
Median,2022-05-17,0.165,,ODS,6
Kantar,2022-05-24,0.225,,ODS,6
Median,2022-06-11,0.161,,ODS,6
Median,2022-07-20,0.155,,ODS,6
STEM,2022-08-07,0.155,,ODS,6
Median,2022-08-16,0.16,,ODS,6
Kantar,2022-08-24,0.195,,ODS,6
STEM,2022-09-04,0.142,,ODS,6
Median,2022-09-15,0.16,,ODS,6
Kantar,2022-09-21,0.18,,ODS,6
Median,2022-10-16,0.135,,ODS,6
Kantar,2022-10-26,0.215,,ODS,6
STEM,2022-12-02,0.139,,ODS,6
Kantar,2023-02-22,0.215,,ODS,6
Median,2023-02-23,0.145,,ODS,6
Median,2023-03-18,0.155,,ODS,6
Kantar,2023-03-28,0.2,,ODS,6
Median,2023-04-16,0.15,,ODS,6
Kantar,2023-04-26,0.17,,ODS,6
STEM,2023-05-23,0.146,,ODS,6
volby+STEM,2021-10-09,0.061,,STAN,12
Kantar,2021-11-10,0.13,,STAN,6
Kantar,2022-02-23,0.11,,STAN,6
Kantar,2022-03-23,0.1,,STAN,6
Kantar,2022-04-18,0.1,,STAN,6
Median,2022-05-17,0.085,,STAN,6
Kantar,2022-05-24,0.065,,STAN,6
Median,2022-06-11,0.048,,STAN,6
Median,2022-07-20,0.055,,STAN,6
STEM,2022-08-07,0.055,,STAN,6
Median,2022-08-16,0.04,,STAN,6
Kantar,2022-08-24,0.065,,STAN,6
STEM,2022-09-04,0.05,,STAN,6
Median,2022-09-15,0.055,,STAN,6
Kantar,2022-09-21,0.075,,STAN,6
Median,2022-10-16,0.055,,STAN,6
Kantar,2022-10-26,0.06,,STAN,6
STEM,2022-12-02,0.064,,STAN,6
Kantar,2023-02-22,0.07,,STAN,6
Median,2023-02-23,0.07,,STAN,6
Median,2023-03-18,0.08,,STAN,6
Kantar,2023-03-28,0.055,,STAN,6
Median,2023-04-16,0.075,,STAN,6
Kantar,2023-04-26,0.06,,STAN,6
STEM,2023-05-23,0.057999999999999996,,STAN,6
volby+STEM,2021-10-09,0.095,,Piráti,12
Kantar,2021-11-10,0.08,,Piráti,6
Kantar,2022-02-23,0.075,,Piráti,6
Kantar,2022-03-23,0.075,,Piráti,6
Kantar,2022-04-18,0.05,,Piráti,6
Median,2022-05-17,0.09,,Piráti,6
Kantar,2022-05-24,0.085,,Piráti,6
Median,2022-06-11,0.11800000000000001,,Piráti,6
Median,2022-07-20,0.105,,Piráti,6
STEM,2022-08-07,0.09300000000000001,,Piráti,6
Median,2022-08-16,0.115,,Piráti,6
Kantar,2022-08-24,0.085,,Piráti,6
STEM,2022-09-04,0.094,,Piráti,6
Median,2022-09-15,0.11,,Piráti,6
Kantar,2022-09-21,0.09,,Piráti,6
Median,2022-10-16,0.11,,Piráti,6
Kantar,2022-10-26,0.115,,Piráti,6
STEM,2022-12-02,0.094,,Piráti,6
Kantar,2023-02-22,0.09,,Piráti,6
Median,2023-02-23,0.115,,Piráti,6
Median,2023-03-18,0.085,,Piráti,6
Kantar,2023-03-28,0.11,,Piráti,6
Median,2023-04-16,0.105,,Piráti,6
Kantar,2023-04-26,0.11,,Piráti,6
STEM,2023-05-23,0.10800000000000001,,Piráti,6
volby+STEM,2021-10-09,0.07200000000000001,,TOP 09,12
Kantar,2021-11-10,0.07,,TOP 09,6
Kantar,2022-02-23,0.065,,TOP 09,6
Kantar,2022-03-23,0.05,,TOP 09,6
Kantar,2022-04-18,0.03,,TOP 09,6
Median,2022-05-17,0.045,,TOP 09,6
Kantar,2022-05-24,0.04,,TOP 09,6
Median,2022-06-11,0.052000000000000005,,TOP 09,6
Median,2022-07-20,0.05,,TOP 09,6
STEM,2022-08-07,0.055999999999999994,,TOP 09,6
Median,2022-08-16,0.035,,TOP 09,6
Kantar,2022-08-24,0.045,,TOP 09,6
STEM,2022-09-04,0.05,,TOP 09,6
Median,2022-09-15,0.06,,TOP 09,6
Kantar,2022-09-21,0.04,,TOP 09,6
Median,2022-10-16,0.05,,TOP 09,6
Kantar,2022-10-26,0.055,,TOP 09,6
STEM,2022-12-02,0.046,,TOP 09,6
Kantar,2023-02-22,0.05,,TOP 09,6
Median,2023-02-23,0.05,,TOP 09,6
Median,2023-03-18,0.05,,TOP 09,6
Kantar,2023-03-28,0.04,,TOP 09,6
Median,2023-04-16,0.045,,TOP 09,6
Kantar,2023-04-26,0.05,,TOP 09,6
STEM,2023-05-23,0.047,,TOP 09,6
volby+STEM,2021-10-09,0.069,,KDU-ČSL,12
Kantar,2021-11-10,0.035,,KDU-ČSL,6
Kantar,2022-02-23,0.055,,KDU-ČSL,6
Kantar,2022-03-23,0.04,,KDU-ČSL,6
Kantar,2022-04-18,0.045,,KDU-ČSL,6
Median,2022-05-17,0.045,,KDU-ČSL,6
Kantar,2022-05-24,0.035,,KDU-ČSL,6
Median,2022-06-11,0.046,,KDU-ČSL,6
Median,2022-07-20,0.045,,KDU-ČSL,6
STEM,2022-08-07,0.034,,KDU-ČSL,6
Median,2022-08-16,0.035,,KDU-ČSL,6
Kantar,2022-08-24,0.04,,KDU-ČSL,6
STEM,2022-09-04,0.045,,KDU-ČSL,6
Median,2022-09-15,0.025,,KDU-ČSL,6
Kantar,2022-09-21,0.06,,KDU-ČSL,6
Median,2022-10-16,0.06,,KDU-ČSL,6
Kantar,2022-10-26,0.035,,KDU-ČSL,6
STEM,2022-12-02,0.049,,KDU-ČSL,6
Kantar,2023-02-22,0.04,,KDU-ČSL,6
Median,2023-02-23,0.035,,KDU-ČSL,6
Median,2023-03-18,0.04,,KDU-ČSL,6
Kantar,2023-03-28,0.03,,KDU-ČSL,6
Median,2023-04-16,0.055,,KDU-ČSL,6
Kantar,2023-04-26,0.05,,KDU-ČSL,6
STEM,2023-05-23,0.034,,KDU-ČSL,6
volby+STEM,2021-10-09,0.027999999999999997,,Trikolóra,12
Kantar,2021-11-10,0.025,,Trikolóra,6
Kantar,2022-02-23,,,Trikolóra,6
Kantar,2022-03-23,0.02,,Trikolóra,6
Kantar,2022-04-18,,,Trikolóra,6
Median,2022-05-17,0.025,,Trikolóra,6
Kantar,2022-05-24,,,Trikolóra,6
Median,2022-06-11,0.016,,Trikolóra,6
Median,2022-07-20,0.025,,Trikolóra,6
STEM,2022-08-07,0.013999999999999999,,Trikolóra,6
Median,2022-08-16,0.02,,Trikolóra,6
Kantar,2022-08-24,,,Trikolóra,6
STEM,2022-09-04,,,Trikolóra,6
Median,2022-09-15,0.02,,Trikolóra,6
Kantar,2022-09-21,,,Trikolóra,6
Median,2022-10-16,0.015,,Trikolóra,6
Kantar,2022-10-26,0.02,,Trikolóra,6
STEM,2022-12-02,,,Trikolóra,6
Kantar,2023-02-22,,,Trikolóra,6
Median,2023-02-23,0.015,,Trikolóra,6
Median,2023-03-18,0.03,,Trikolóra,6
Kantar,2023-03-28,,,Trikolóra,6
Median,2023-04-16,0.015,,Trikolóra,6
Kantar,2023-04-26,,,Trikolóra,6
STEM,2023-05-23,0.013999999999999999,,Trikolóra,6
volby+STEM,2021-10-09,0.013000000000000001,,Volný blok,12
Kantar,2021-11-10,,,Volný blok,6
Kantar,2022-02-23,,,Volný blok,6
Kantar,2022-03-23,,,Volný blok,6
Kantar,2022-04-18,,,Volný blok,6
Median,2022-05-17,,,Volný blok,6
Kantar,2022-05-24,,,Volný blok,6
Median,2022-06-11,,,Volný blok,6
Median,2022-07-20,,,Volný blok,6
STEM,2022-08-07,,,Volný blok,6
Median,2022-08-16,,,Volný blok,6
Kantar,2022-08-24,,,Volný blok,6
STEM,2022-09-04,,,Volný blok,6
Median,2022-09-15,,,Volný blok,6
Kantar,2022-09-21,,,Volný blok,6
Median,2022-10-16,,,Volný blok,6
Kantar,2022-10-26,,,Volný blok,6
STEM,2022-12-02,,,Volný blok,6
Kantar,2023-02-22,,,Volný blok,6
Median,2023-02-23,,,Volný blok,6
Median,2023-03-18,,,Volný blok,6
Kantar,2023-03-28,,,Volný blok,6
Median,2023-04-16,,,Volný blok,6
Kantar,2023-04-26,,,Volný blok,6
STEM,2023-05-23,,,Volný blok,6
volby+STEM,2021-10-09,0.01,,Zelení,12
Kantar,2021-11-10,,,Zelení,6
Kantar,2022-02-23,,,Zelení,6
Kantar,2022-03-23,,,Zelení,6
Kantar,2022-04-18,0.02,,Zelení,6
Median,2022-05-17,,,Zelení,6
Kantar,2022-05-24,0.02,,Zelení,6
Median,2022-06-11,0.018000000000000002,,Zelení,6
Median,2022-07-20,0.02,,Zelení,6
STEM,2022-08-07,0.025,,Zelení,6
Median,2022-08-16,0.02,,Zelení,6
Kantar,2022-08-24,,,Zelení,6
STEM,2022-09-04,,,Zelení,6
Median,2022-09-15,0.02,,Zelení,6
Kantar,2022-09-21,0.02,,Zelení,6
Median,2022-10-16,0.02,,Zelení,6
Kantar,2022-10-26,,,Zelení,6
STEM,2022-12-02,,,Zelení,6
Kantar,2023-02-22,,,Zelení,6
Median,2023-02-23,0.02,,Zelení,6
Median,2023-03-18,0.02,,Zelení,6
Kantar,2023-03-28,,,Zelení,6
Median,2023-04-16,0.02,,Zelení,6
Kantar,2023-04-26,0.02,,Zelení,6
STEM,2023-05-23,0.023,,Zelení,6
volby+STEM,2021-10-09,,,Svobodní,12
Kantar,2021-11-10,,,Svobodní,6
Kantar,2022-02-23,,,Svobodní,6
Kantar,2022-03-23,,,Svobodní,6
Kantar,2022-04-18,,,Svobodní,6
Median,2022-05-17,,,Svobodní,6
Kantar,2022-05-24,,,Svobodní,6
Median,2022-06-11,,,Svobodní,6
Median,2022-07-20,,,Svobodní,6
STEM,2022-08-07,0.017,,Svobodní,6
Median,2022-08-16,,,Svobodní,6
Kantar,2022-08-24,0.02,,Svobodní,6
STEM,2022-09-04,,,Svobodní,6
Median,2022-09-15,,,Svobodní,6
Kantar,2022-09-21,,,Svobodní,6
Median,2022-10-16,,,Svobodní,6
Kantar,2022-10-26,,,Svobodní,6
STEM,2022-12-02,,,Svobodní,6
Kantar,2023-02-22,,,Svobodní,6
Median,2023-02-23,,,Svobodní,6
Median,2023-03-18,,,Svobodní,6
Kantar,2023-03-28,,,Svobodní,6
Median,2023-04-16,,,Svobodní,6
Kantar,2023-04-26,,,Svobodní,6
STEM,2023-05-23,0.022000000000000002,,Svobodní,6
volby+STEM,2021-10-09,,,PRO,12
Kantar,2021-11-10,,,PRO,6
Kantar,2022-02-23,,,PRO,6
Kantar,2022-03-23,,,PRO,6
Kantar,2022-04-18,,,PRO,6
Median,2022-05-17,,,PRO,6
Kantar,2022-05-24,,,PRO,6
Median,2022-06-11,,,PRO,6
Median,2022-07-20,,,PRO,6
STEM,2022-08-07,,,PRO,6
Median,2022-08-16,,,PRO,6
Kantar,2022-08-24,,,PRO,6
STEM,2022-09-04,,,PRO,6
Median,2022-09-15,,,PRO,6
Kantar,2022-09-21,,,PRO,6
Median,2022-10-16,,,PRO,6
Kantar,2022-10-26,,,PRO,6
STEM,2022-12-02,,,PRO,6
Kantar,2023-02-22,,,PRO,6
Median,2023-02-23,,,PRO,6
Median,2023-03-18,,,PRO,6
Kantar,2023-03-28,0.03,,PRO,6
Median,2023-04-16,,,PRO,6
Kantar,2023-04-26,0.02,,PRO,6
STEM,2023-05-23,0.012,,PRO,6
